"Timestamp","姓名","是否學過 HTML 和 CSS？","若有，請問曾在哪些地方學過？","是否有學過程式設計？","若有，請問曾在哪些地方學過？","會哪些程式語言？","對於接下來的課程有什麼期許？(可不填)"
"2017/08/07 1:44:13 上午 GMT","何奇軒","無","","有","學校;台大資訊系統訓練班","Python;R、SAS","可以多交一些有關網路程式語言架構的東西嗎"
"2017/08/07 1:46:17 上午 GMT","蘇靖軒","有","台大資訊系統訓練班","有","學校","Java;Python","可以做出類似討論區的網頁"
"2017/08/07 1:47:22 上午 GMT","黃慶杰","無","","有","學校;台大資訊系統訓練班;自學","Python;R, SAS","希望可以針對語法加強與練習"
"2017/08/07 1:49:56 上午 GMT","林奕錚","無","","有","學校","C/C++;Python;C#、自適應網站設計","有很多影片，實際案例供參考、希望準時下課1230能趕車我有要教課~感蝦~"
"2017/08/07 1:53:05 上午 GMT","蘇冠羽","無","","有","學校","Java","可以自己寫出有連接後端的網頁"
"2017/08/07 1:53:20 上午 GMT","吳志豪","有","台大資訊系統訓練班","有","台大資訊系統訓練班","C/C++;Java;Javascript;Python","了解PHP寫法, 與SQL的連結, 找出其與大數據/人工智慧的應用"
"2017/08/07 1:53:57 上午 GMT","林大祐","無","","有","學校","Java",""
"2017/08/07 1:54:06 上午 GMT","楊德祺","無","","有","學校","Java",""
"2017/08/07 1:55:15 上午 GMT","郭冠顯","無","","有","學校","",""
"2017/08/07 1:56:05 上午 GMT","劉芝岑","有","自學","有","學校","C/C++","希望能對實作有更多了解，強化SQL技能，可做出project"
"2017/08/07 1:58:36 上午 GMT","鄭喻萍","有","學校","有","學校","Java",""
"2017/08/07 2:00:16 上午 GMT","sam","無","","有","台大資訊系統訓練班","C/C++",""
"2017/08/07 2:04:04 上午 GMT","李悅嘉","有","職訓局","無","","",""
"2017/08/07 2:06:04 上午 GMT","顏睿成","無","","無","","",""
"2017/08/07 2:06:18 上午 GMT","蔡**","有","自學","無","","","學會PHP以及資料庫"